Year,State,GeoFIPS,Avg Rent,Income per capita,Population,Rent as Percent Income,Rent Change YOY,Percent Rent Change YOY,Rent as Percent Income Change YOY
2015,AL,01000,946.922489981602,43368.535058617665,1817285,26.201184486450146,NA,NA,NA
2016,AL,01000,981.1542586797447,43090.851188766865,2253049,27.323319868014583,34.23176869814267,3.6150549871096387,1.122135381564437
2017,AL,01000,1013.0912569605094,44528.19235836221,2270351,27.30201797927479,31.936998280764783,3.2550435365525163,-0.02130188873979222
2018,AL,01000,1088.8744211978856,45396.2256486476,2459155,28.783214612389013,75.78316423737613,7.480388732673681,1.481196633114223
2019,AL,01000,1144.4128801935963,47154.77772737628,2480085,29.12314557332824,55.5384589957107,5.100538493191169,0.3399309609392276
2020,AL,01000,1189.7588300884493,50203.94396593818,2498516,28.438215871541818,45.34594989485299,3.9623767505292307,-0.6849297017864231
2021,AL,01000,1299.491094354182,54523.43034158752,2794745,28.600352242246956,109.73226426573274,9.223067859691783,0.16213637070513798
2015,AR,05000,843.1792443912168,57170.83968083213,775266,17.698097472734776,NA,NA,NA
2016,AR,05000,913.037494690182,50861.81029002157,1240425,21.54160434677194,69.85825029896523,8.285100797209914,3.843506874037164
2017,AR,05000,938.7648775142201,51669.649926836966,1254732,21.802312471870575,25.727382824038045,2.817779442099257,0.2607081250986347
2018,AR,05000,959.8899027357214,53842.89022443934,1266311,21.393128758159268,21.125025221501346,2.2502999129493264,-0.40918371371130746
2019,AR,05000,994.3580988628563,54412.10472351356,1278815,21.92949022462252,34.46819612713489,3.590848911828249,0.5363614664632514
2020,AR,05000,1041.5235754352434,56977.17901208353,1295069,21.935594429082435,47.16547657238709,4.743308937326033,0.006104204459916218
2021,AR,05000,1143.4403206835284,59839.07296369941,1382016,22.93030818930998,101.916745248285,9.785351733943699,0.994713760227544
2015,AZ,04000,1010.1257892180807,41534.72007632403,5709342,29.184040360311887,NA,NA,NA
2016,AZ,04000,1064.1626945826874,42708.24330436577,5794298,29.90043922899274,54.036905364606696,5.349522400218654,0.7163988686808551
2017,AZ,04000,1127.0903377740908,44714.55938478842,5871411,30.247606684211743,62.92764319140338,5.91334797881451,0.34716745521900094
2018,AZ,04000,1206.5678954156158,46860.73966542235,6099451,30.89753778613749,79.47755764152498,7.051569424194206,0.6499311019257483
2019,AZ,04000,1300.39085103222,49650.67617363879,6194261,31.428958102833843,93.8229556166043,7.776019565337925,0.5314203166963516
2020,AZ,04000,1416.9694928528968,53802.92204910426,6295707,31.603551009211117,116.5786418206767,8.964892495832256,0.1745929063772742
2021,AZ,04000,1681.5939149724554,56151.81019526408,6810162,35.93673455850832,264.62442211955863,18.675378930478548,4.333183549297203
2015,CA,06000,1849.3879038408459,54790.758335411745,35648239,40.504376139920744,NA,NA,NA
2016,CA,06000,1974.0744927627852,57213.43176050655,37054642,41.40442756923638,124.68658892193935,6.742046309645897,0.9000514293156385
2017,CA,06000,2061.077179080973,59554.432403886865,37381676,41.52995024994557,87.0026863181879,4.407264601065011,0.1255226807091887
2018,CA,06000,2136.632637820298,62321.855296276044,37954621,41.14061035563496,75.55545873932488,3.6658238471697984,-0.3893398943106092
2019,CA,06000,2232.5175766512402,65796.60944362517,37958008,40.716704320104604,95.88493883094225,4.48766611225971,-0.4239060355303579
2020,CA,06000,2289.175376879948,71556.18750780867,37906576,38.38955858228425,56.657800228707856,2.53784341145901,-2.327145737820352
2021,CA,06000,2450.293763183651,77675.90732107488,37632698,37.85411226245967,161.11838630370312,7.0382718567985325,-0.5354463198245796
2015,CO,08000,1244.3525049206978,53951.13454059108,3988930,27.677323537679914,NA,NA,NA
2016,CO,08000,1290.509673982129,53023.81303321126,4751400,29.205964644764187,46.157169061431205,3.709332273524277,1.5286411070842725
2017,CO,08000,1327.1295062131317,56137.52512432572,4815174,28.368821103687488,36.61983223100265,2.837625549756999,-0.8371435410766992
2018,CO,08000,1403.476521797022,59399.66658915332,4885180,28.353220192383453,76.34701558389042,5.752793169503188,-0.01560091130403407
2019,CO,08000,1464.282020244033,63145.74475418108,4940649,27.826711540629884,60.805498447010905,4.332491317286525,-0.52650865175357
2020,CO,08000,1505.5528717370466,66319.39522438958,4988556,27.24185647308253,41.27085149301365,2.8185042855429976,-0.5848550675473518
2021,CO,08000,1677.231441760233,71758.51005954889,5065585,28.047930878749526,171.67857002318647,11.40302497813382,0.806074405666994
2015,CT,09000,1573.3692997967457,78434.71580847513,1819252,24.07152420066633,NA,NA,NA
2016,CT,09000,1481.2567625741194,72607.48789543542,2884036,24.48105789927335,-92.11253722262632,-5.854476583121699,0.40953369860701727
2017,CT,09000,1465.366649631138,72408.7539952992,3155208,24.28490869586741,-15.890112942981432,-1.0727453433102097,-0.19614920340593756
2018,CT,09000,1490.5315539384055,75549.39762647633,3158595,23.6750777758585,25.164904307267534,1.717311112109863,-0.6098309200089105
2019,CT,09000,1539.2335463564693,77964.45959210503,3155126,23.691310954905987,48.70199241806381,3.2674244493100053,0.01623317904748589
2020,CT,09000,1611.493577995277,80815.21109282247,3149496,23.928568241605202,72.26003163880773,4.694546309093573,0.2372572866992151
2021,CT,09000,1750.1361917648776,85756.32558437432,3153886,24.489895244538374,138.64261376960053,8.603361233500793,0.5613270029331723
2015,DE,10000,1208.1048031039709,50558,558446,28.674507767806578,NA,NA,NA
2016,DE,10000,1166.2850880974886,48711.106660317026,734950,28.731478335661322,-41.819715006482284,-3.4615966180281155,0.0569705678547443
2017,DE,10000,1197.118505291228,50472.07901698559,738626,28.46211676491527,30.83341719373948,2.6437290083196316,-0.26936157074605305
2018,DE,10000,1237.320825459356,52885.86592789956,743130,28.075270481067033,40.202320168127926,3.3582573479931077,-0.38684628384823583
2019,DE,10000,1284.5341832992322,53933.99863719261,748455,28.580136072019492,47.21335783987615,3.815773311852903,0.5048655909524591
2020,DE,10000,1339.8375318164076,56214.222942624845,752974,28.601392210307676,55.303348517175436,4.305323224262731,0.021256138288183735
2021,DE,10000,1592.1338498000216,60081.01953147222,755857,31.799736999456503,252.29631798361402,18.830366517765615,3.198344789148827
2015,FL,12000,1291.9208506343812,46502.94239460425,17768648,33.33778339456515,NA,NA,NA
2016,FL,12000,1348.7471681051732,47207.697133722606,18115239,34.28459128479797,56.82631747079199,4.398591248286468,0.9468078902328187
2017,FL,12000,1401.6355664669006,49889.60430647176,18405833,33.71369052013294,52.88839836172747,3.921298195274751,-0.5709007646650264
2018,FL,12000,1458.9150413842035,52383.37288390928,18798875,33.420872946476685,57.27947491730288,4.086616827346006,-0.29281757365625793
2019,FL,12000,1522.8803609090417,55503.82621651085,19068716,32.924873070232266,63.96531952483815,4.3844444474401,-0.49599987624441866
2020,FL,12000,1576.5014247541803,58271.08348277977,19238219,32.46553172919944,53.62106384513868,3.5210293087719022,-0.4593413410328253
2021,FL,12000,1835.2259603327846,63219.30068114037,19776834,34.83542412952259,258.7245355786042,16.411309975120794,2.3698924003231525
2015,GA,13000,1068.931703144169,47028.08548122485,5606506,27.275574385972096,NA,NA,NA
2016,GA,13000,1104.8486325665974,47861.716904960645,6011762,27.70101962101786,35.91692942242844,3.3600771047188456,0.42544523504576404
2017,GA,13000,1151.897329641965,49776.376206759145,6183504,27.769735382678544,47.0486970753675,4.258383971211687,0.06871576166068394
2018,GA,13000,1215.1261987622306,51977.272573730275,6256487,28.05363510457911,63.2288691202657,5.4891063199112224,0.28389972190056767
2019,GA,13000,1274.8376647274317,54283.42763988343,6499340,28.181809148487353,59.711465965201114,4.91401354246376,0.12817404390824194
2020,GA,13000,1341.7022032183731,56841.47313000356,6679625,28.32513929010388,66.86453849094141,5.244945324488626,0.14333014161652713
2021,GA,13000,1525.3551168240776,60094.98565265813,7000112,30.458883055044538,183.6529136057045,13.688053367220526,2.1337437649406574
2015,HI,15000,2050.679650823368,50923,1017472,48.324246037901176,NA,NA,NA
2016,HI,15000,2151.3965917065093,52296,1023837,49.366603756459604,100.71694088314143,4.911393197991827,1.0423577185584278
2017,HI,15000,2170.1408987908653,54279,1022650,47.97746971294678,18.744307084356024,0.8712622840723128,-1.3891340435128257
2018,HI,15000,2217.622182195547,55214,1021634,48.19695400866911,47.48128340468156,2.187935512903178,0.21948429572233152
2019,HI,15000,2281.586039313833,57560,1018784,47.566074481872825,63.96385711828634,2.884344214800341,-0.630879526796285
2020,HI,15000,2323.610605801794,60114,1013227,46.38408235955273,42.02456648796078,1.841901456435949,-1.1819921223200964
2021,HI,15000,2485.847586864384,63912,1000890,46.67381875449463,162.23698106259008,6.982107099076868,0.2897363949419045
2015,IA,19000,931.742984934681,49535.245965967595,688579,22.57163682380389,NA,NA,NA
2016,IA,19000,923.964937928446,49172.23575881299,1004200,22.548454598495983,-7.778047006234942,-0.8347846060553077,-0.023182225307905924
2017,IA,19000,992.7341543322794,49552.481825746305,1259474,24.04079354466911,68.76921640383341,7.442838313542051,1.4923389461731276
2018,IA,19000,1035.4609989393043,51255.42022766502,1267037,24.242376576136223,42.72684460702487,4.303956343253171,0.20158303146711276
2019,IA,19000,1068.6281546891366,52387.68748519777,1275146,24.478152161026294,33.16715574983232,3.2031294064969877,0.2357755848900709
2020,IA,19000,1143.4712120270406,55604.769856081446,1280099,24.677117772161342,74.84305733790393,7.003657634275576,0.19896561113504774
2021,IA,19000,1196.8072243905108,59380.42214712973,1487055,24.18589523850384,53.33601236347022,4.664394853362425,-0.4912225336575027
2015,ID,16000,862.4097602585679,41661.596922126526,751103,24.840423525883836,NA,NA,NA
2016,ID,16000,918.4120082732763,42672.72586291782,769801,25.826670024978206,56.00224801470847,6.493693670386786,0.9862464990943707
2017,ID,16000,986.207543673704,44512.1405012032,789979,26.58710722699249,67.79553540042764,7.381821534312394,0.760437202014284
2018,ID,16000,1067.7193640315522,46630.547688016304,810927,27.476907314282684,81.51182035784825,8.265179158355455,0.8898000872901939
2019,ID,16000,1149.4038022326647,49096.52526746087,833206,28.093323410675865,81.68443820111247,7.650365906326169,0.6164160963931806
2020,ID,16000,1228.0032460766781,52971.67819913857,855324,27.818712666648675,78.59944384401342,6.838279435942145,-0.2746107440271892
2021,ID,16000,1515.7302095652974,54535.150559801405,1116646,33.35236508577781,287.7269634886193,23.430472550286176,5.533652419129137
2015,IL,17000,1337.0561806953774,54882.3225081901,7973351,29.234685113681515,NA,NA,NA
2016,IL,17000,1311.5799729041664,56153.19201405481,9247797,28.02861085957612,-25.47620779121098,-1.9053954619888367,-1.2060742541053955
2017,IL,17000,1353.7611336933808,57897.3632789312,9238364,28.05850333124265,42.181160789214346,3.216057096069765,0.02989247166653186
2018,IL,17000,1371.831293414845,61282.19825962372,9218811,26.862573452793793,18.07015972146428,1.334811531497038,-1.1959298784488581
2019,IL,17000,1449.294246694539,63348.66303405441,9196137,27.45366694003516,77.46295327969392,5.646682186908601,0.5910934872413662
2020,IL,17000,1473.3298848914708,66942.66170863707,9157603,26.41060000818065,24.035638196931814,1.658437425785055,-1.0430669318545078
2021,IL,17000,1534.7305750577593,72406.3973959575,9056227,25.435275836167115,61.40069016628854,4.167477412623818,-0.9753241720135364
2015,IN,18000,860.4996434118087,47481.91214901587,2278415,21.747219632888616,NA,NA,NA
2016,IN,18000,914.7887848666948,48603.83737514919,2301647,22.58559408318044,54.28914145488602,6.309025444756042,0.8383744502918233
2017,IN,18000,955.2432792337753,48843.399809437455,2516759,23.46871715631567,40.45449436708054,4.422277036657776,0.8831230731352306
2018,IN,18000,1029.1482261697051,50074.34351417942,3283879,24.662886914412383,73.90494693592984,7.736767014494031,1.194169758096713
2019,IN,18000,1087.1008185991047,52404.768483136104,3310653,24.89317327560986,57.9525924293996,5.631122024578342,0.23028636119747858
2020,IN,18000,1123.960102640275,55550.05121939452,3461267,24.2799438265402,36.85928404117021,3.3906040185554294,-0.6132294490696601
2021,IN,18000,1236.4011695423874,59672.54480199964,3857897,24.863719292915867,112.44106690211242,10.004008739988109,0.5837754663756662
2015,KS,20000,883.0163433286127,53302.016018582915,1557129,19.879540984433223,NA,NA,NA
2016,KS,20000,941.9974488609184,52115.56008401438,1682569,21.69020033193183,58.98110553230572,6.679503270570386,1.810659347498607
2017,KS,20000,964.5068193984241,53967.03932933189,1687392,21.446575496111016,22.509370537505674,2.3895362524308785,-0.24362483582081396
2018,KS,20000,978.0543409566698,54898.49515450484,1840266,21.378822968550814,13.547521558245649,1.404606093578003,-0.06775252756020222
2019,KS,20000,1008.7520160976786,57556.56723358583,1845707,21.03152563641518,30.697675141008858,3.138647195306384,-0.34729733213563563
2020,KS,20000,1034.7475267044558,59996.39667644638,1853498,20.69619345211139,25.995510606777202,2.5769971402228182,-0.33533218430378753
2021,KS,20000,1081.3577914240661,62983.61793294703,1853460,20.60264862984448,46.61026471961031,4.504506028447181,-0.09354482226691019
2015,KY,21000,1050.3310405845325,46856.44958712784,1087867,26.899119754213917,NA,NA,NA
2016,KY,21000,1121.9272243591283,47428.48064426761,1093707,28.386164830554705,71.59618377459583,6.8165350740039985,1.487045076340788
2017,KY,21000,1123.023997683028,48406.432062407184,1397275,27.839870442882997,1.096773323899697,0.09775797396539693,-0.5462943876717077
2018,KY,21000,1198.380913517861,50207.50218076188,1400428,28.642275232972192,75.35691583483299,6.71017858837442,0.8024047900891951
2019,KY,21000,1246.5457854434915,52185.65582815682,1456258,28.664101634708206,48.16487192563045,4.019162136372976,0.021826401736014134
2020,KY,21000,1293.2803340718178,56005.25093839178,1460211,27.710551687258384,46.734548628326365,3.749124113535815,-0.9535499474498224
2021,KY,21000,1340.9015455939698,57989.87194547488,1816117,27.747635935904587,47.62121152215195,3.682203329592072,0.03708424864620241
2015,MA,25000,1980.9049959883232,68707.45911478616,3915890,34.597204230980324,NA,NA,NA
2016,MA,25000,1816.3665803176355,68154.13980037477,4512656,31.981034501578097,-164.53841567068775,-8.306224478402884,-2.616169729402227
2017,MA,25000,2142.454990545652,69611.26329184076,5348187,36.9329023361673,326.0884102280165,17.952786280123703,4.951867834589205
2018,MA,25000,2596.649121716189,72808.48819625717,5377108,42.796918645807125,454.1941311705368,21.199704692739434,5.864016309639823
2019,MA,25000,2772.769404722204,76346.92073753946,5396918,43.58163045114947,176.12028300601514,6.782598447094498,0.7847118053423472
2020,MA,25000,2770.906443320998,79368.9945811973,6396616,41.89403871789651,-1.862961401206121,-0.0671877509191128,-1.6875917332529653
2021,MA,25000,2751.6394010681875,84805.25346677199,6355480,38.935881284472394,-19.26704225281037,-0.6953335540884721,-2.9581574334241125
2015,MD,24000,1418.6833611360998,67738.91414490133,2425913,25.132083306231443,NA,NA,NA
2016,MD,24000,1379.1217798479074,65390.3691714721,3445231,25.308713756879865,-39.56158128819243,-2.788612481964334,0.1766304506484211
2017,MD,24000,1387.1397842405213,66965.28994476996,3473834,24.857172162794907,8.018004392613875,0.5813847993538408,-0.45154159408495786
2018,MD,24000,1417.698535577221,68235.79803076385,3497092,24.931755644239235,30.558751336699743,2.20300446169029,0.07458348144432847
2019,MD,24000,1493.5734940338937,70086.10497283863,3520625,25.57266085103832,75.87495845667263,5.351981154849671,0.6409052067990864
2020,MD,24000,1521.7805115514627,73155.93930690561,3533285,24.962246827297253,28.207017517569057,1.8885590585426493,-0.6104140237410682
2021,MD,24000,1615.3013355596488,76671.30913727962,3799435,25.281446534334652,93.52082400818608,6.145487033004591,0.31919970703739864
2015,ME,23000,1082.5825176205367,53897,292399,24.103364215905227,NA,NA,NA
2016,ME,23000,1135.3510617345753,55815,294749,24.409590147478102,52.768544114038605,4.874320733538288,0.30622593157287525
2017,ME,23000,1237.5054454583203,58584,296302,25.348329485012705,102.15438372374501,8.997603223066072,0.9387393375346029
2018,ME,23000,1279.9731120102174,61071,298656,25.15052536248401,42.46766655189708,3.43171552963703,-0.1978041225286944
2019,ME,23000,1341.031619600712,64975,300892,24.76703260516898,61.05850759049463,4.770296111502007,-0.3834927573150324
2020,ME,23000,1325.116682122055,62262.667944891386,455319,25.5392207085295,-15.914937478657066,-1.1867682496103775,0.77218810336052
2021,ME,23000,1421.1349629624212,66136.22112856881,457996,25.785597157716072,96.01828084036629,7.246024605667303,0.24637644918657386
2015,MI,26000,866.2678036720984,47619.66157187446,5460347,21.829667202433235,NA,NA,NA
2016,MI,26000,958.8076159021789,48528.814067270345,5772975,23.708989415807746,92.53981223008054,10.682587051926141,1.879322213374511
2017,MI,26000,1016.9465265877801,49637.20857062559,5799810,24.58510192346934,58.13891068560122,6.0636680102813,0.8761125076615954
2018,MI,26000,1069.5254420096323,51588.391649682424,5816665,24.878281515866167,52.57891542185223,5.170273367103512,0.29317959239682523
2019,MI,26000,1125.6098489548046,53361.6009865526,5822092,25.312805346416738,56.084406945172304,5.24385907452468,0.434523830550571
2020,MI,26000,1137.2570072886929,56854.74000066225,6221262,24.003423614821475,11.647158333888228,1.0347420418098956,-1.3093817315952627
2021,MI,26000,1254.242030797093,59928.65440440132,6652550,25.114704341600795,116.98502350840022,10.286595093162045,1.11128072677932
2015,MN,27000,1186.5430864682296,61708.047859595485,2019992,23.074003361791153,NA,NA,NA
2016,MN,27000,1194.2329168463236,61346.395764422756,2290408,23.360451455351658,7.68983037809403,0.6480869060543744,0.28644809356050516
2017,MN,27000,1236.961037505123,62174.27356084667,2742081,23.874074597003368,42.7281206587993,3.5778716242082647,0.5136231416517099
2018,MN,27000,1311.527280734685,64974.17531966538,2768520,24.222434977259013,74.56624322956213,6.02818043322996,0.3483603802556452
2019,MN,27000,1368.8041161055698,65685.90431817627,3151863,25.00635343878735,57.27683537088478,4.367185968011258,0.7839184615283372
2020,MN,27000,1380.5274873163678,68837.33507391125,3317289,24.06590817324494,11.72337121079795,0.8564681441894333,-0.9404452655424116
2021,MN,27000,1462.1826075474683,73387.11430460641,3416389,23.909090113205703,81.65512023110045,5.914776850248112,-0.15681806003923526
2015,MO,29000,817.8297909639398,42211.50533679011,1157531,23.24948473944559,NA,NA,NA
2016,MO,29000,858.4859349389372,42723.68137966245,1167358,24.112695551023325,40.65614397499746,4.971223159659893,0.8632108115777335
2017,MO,29000,873.1714187397187,43963.63124633505,1178391,23.833465816703,14.685483800781412,1.710626022291905,-0.2792297343203245
2018,MO,29000,910.4637496297361,45314.82423376764,1291710,24.1103550114078,37.29233089001741,4.270906043150478,0.27688919470480045
2019,MO,29000,966.2879052592662,47021.199356589306,1300569,24.66005763735643,55.82415562953008,6.1313979444247435,0.5497026259486297
2020,MO,29000,1041.8718093380287,49499.20667659097,1362312,25.257903209929577,75.58390407876254,7.822089427734534,0.5978455725731457
2021,MO,29000,1236.9138869879341,53237.582428199865,1622873,27.880617351235905,195.04207764990542,18.720352724950757,2.6227141413063286
2016,MS,28000,953.2300713683245,38543.41404875235,415980,29.677601579225353,NA,NA,NA
2017,MS,28000,1057.5933678137167,40275.59998316693,570306,31.510692377193177,104.36329644539217,10.948384821261747,1.8330907979678237
2018,MS,28000,1088.661387203477,41320.465401957896,570408,31.616141104312717,31.068019389760366,2.937614808797917,0.10544872711954056
2019,MS,28000,1118.7791572454182,43014.440653682796,570246,31.21126227127999,30.117770041941185,2.766495661181377,-0.4048788330327291
2020,MS,28000,1170.5524416660526,46436.68996295581,569590,30.248989131650262,51.773284420634354,4.627659005384674,-0.9622731396297262
2021,MS,28000,1190.8668216522426,51398.099624472634,888617,27.80336620271208,20.314379986190033,1.735452361047275,-2.4456229289381817
2015,MT,30000,881.5904157269656,47466.005219623716,270326,22.287708729172582,NA,NA,NA
2016,MT,30000,902.5544705063081,47015.93970194154,273906,23.036131394452255,20.96405477934252,2.377981249042438,0.7484226652796728
2017,MT,30000,890.1315396492279,48478.17752181849,360474,22.03378720452784,-12.422930857080246,-1.3764189600779801,-1.0023441899244148
2018,MT,30000,906.9831254257724,50019.077057914204,362260,21.759292944385095,16.85158577654454,1.8931568005314365,-0.27449426014274536
2019,MT,30000,941.5120370354293,52000.27585620197,364400,21.727085594061602,34.528911609656916,3.807007059083677,-0.032207350323492534
2020,MT,30000,994.3010370985872,55398.94157955012,367611,21.537618057286974,52.789000063157914,5.606832200401433,-0.1894675367746288
2021,MT,30000,1353.3252594671906,61743.52831628882,493903,26.302194831522073,359.0242223686033,36.10820153786134,4.764576774235099
2015,NC,37000,1102.4018641597966,46599.748038124766,5658999,28.388184329011025,NA,NA,NA
2016,NC,37000,1143.2571387368919,47413.63306767252,5761482,28.93489652071532,40.855274577095315,3.706023720146143,0.5467121917042945
2017,NC,37000,1188.308765315267,49188.18898361795,5848962,28.990100018791864,45.051626578375135,3.940638116473924,0.05520349807654412
2018,NC,37000,1238.0041681905004,51272.07196522036,5934047,28.974935961947047,49.69540287523341,4.182027796626482,-0.015164056844817253
2019,NC,37000,1301.720113911884,53638.09066071582,6017292,29.122291965517448,63.715945721383605,5.146666494226147,0.14735600357040113
2020,NC,37000,1360.8959284105674,56830.276428654826,6089347,28.736005114155233,59.175814498683394,4.54597066345163,-0.38628685136221463
2021,NC,37000,1476.4402930062774,60480.20345466923,6639420,29.294351711886495,115.54436459571002,8.490315988428144,0.558346597731262
2017,ND,38000,830.4006017960211,54344,178918,18.336536179803204,NA,NA,NA
2018,ND,38000,919.5355180783638,55021.954112276144,255406,20.054588018491398,89.13491628234272,10.733965761773105,1.7180518386881936
2019,ND,38000,987.5063786334941,56240.46633099141,256200,21.070373908105246,67.97086055513034,7.391868961970624,1.0157858896138485
2020,ND,38000,991.0276177912991,60042.54451499436,299079,19.806508051179826,3.5212391578049846,0.3565788772602822,-1.2638658569254204
2021,ND,38000,992.4196625581715,62947.97810654759,366822,18.91885380423256,1.3920447668723455,0.14046478038369833,-0.8876542469472675
2015,NE,31000,1219.503366567606,56084.087524927985,731106,26.09303466389964,NA,NA,NA
2016,NE,31000,1165.534273562959,52050.35207867332,1054182,26.87092541010147,-53.96909300464699,-4.425497664393293,0.7778907462018303
2017,NE,31000,1174.8464631490453,53758.194016328474,1067338,26.225132402153207,9.312189586086333,0.7989631705655127,-0.6457930079482637
2018,NE,31000,1228.6250951350796,55824.70447492408,1079482,26.410352334679345,53.77863198603427,4.5775029906364635,0.1852199325261381
2019,NE,31000,1270.7793748130616,57718.730146689915,1090259,26.420110870424736,42.154279677982004,3.43101242558841,0.009758535745390873
2020,NE,31000,1310.8476117982002,59837.42345550729,1099034,26.288182935006766,40.06823698513858,3.1530443269141686,-0.13192793541796988
2021,NE,31000,1409.2670629810557,63185.69170493011,1137073,26.76429473106988,98.41945118285548,7.5080772392639314,0.4761117960631154
2015,NH,33000,1194.64955673605,54558,411330,26.27624671144947,NA,NA,NA
2016,NH,33000,1239.9810505784396,55974,414107,26.58336478890427,45.33149384238959,3.794543227073351,0.307118077454799
2017,NH,33000,1262.2171038857846,57847,416477,26.183907975572485,22.236053307344946,1.793257509618557,-0.39945681333178484
2018,NH,33000,1321.3551009475,60179,418261,26.348495673523985,59.137997061715396,4.685247639225991,0.1645876979515002
2019,NH,33000,1381.310703765477,63263,421513,26.201300041391846,59.955602817977024,4.537433031815963,-0.1471956321321386
2020,NH,33000,1444.0344131042807,67127,422705,25.81437120272226,62.7237093388037,4.540883464365966,-0.3869288386695864
2021,NH,33000,1590.2335943942458,76196.02084168153,873442,25.0443565450495,146.19918128996505,10.124355760724333,-0.7700146576727604
2015,NJ,34000,1761.66230899382,62919.95712507721,2829836,33.59815974747439,NA,NA,NA
2016,NJ,34000,1888.9051308608966,59835.635804222955,4677627,37.88187635290578,127.2428218670766,7.222883819303133,4.283716605431387
2017,NJ,34000,1919.103581323161,64560.838794746625,5221176,35.67060683503983,30.198450462264418,1.598727748095058,-2.2112695178659507
2018,NJ,34000,1931.5542729442964,66960.59866737263,5819031,34.615358489358364,12.45069162113532,0.6487764257388839,-1.0552483456814628
2019,NJ,34000,1993.2037855692035,70242.40048608626,5845876,34.051292753823596,61.649512624907175,3.191704912900735,-0.5640657355347685
2020,NJ,34000,2029.2667924218736,73241.45160814979,5856544,33.24784118062572,36.063006852670014,1.809298533033411,-0.8034515731978757
2021,NJ,34000,2117.605614873291,78627.82416702944,7123391,32.318416092118,88.3388224514174,4.3532384593938716,-0.9294250885077204
2015,NM,35000,902.6896647159617,39805.92481440784,812669,27.21272279716203,NA,NA,NA
2016,NM,35000,961.2751370156819,43267.795712633,966374,26.660248007088082,58.58547229972021,6.490101148787892,-0.5524747900739477
2017,NM,35000,1001.3835905285188,43951.74550125089,969714,27.340445639412042,40.10845351283683,4.172421814357455,0.68019763232396
2018,NM,35000,1042.7315071473085,45607.79524930161,972236,27.43561274420366,41.34791661878978,4.129078707687514,0.09516710479161716
2019,NM,35000,1102.9249538235551,48396.05555117267,976019,27.347475522851706,60.193446676246595,5.7726697873475645,-0.08813722135195334
2020,NM,35000,1161.066836037661,51944.65638739121,980776,26.82239714619406,58.14188221410586,5.271608191703617,-0.5250783766576461
2021,NM,35000,1311.2031517046519,55854.34312914962,980963,28.170482256095557,150.13631566699087,12.930893468575563,1.348085109901497
2015,NV,32000,1065.0334193759945,44631.19949050246,2525233,28.635575961232252,NA,NA,NA
2016,NV,32000,1124.1964294282297,45683.69970289442,2571813,29.52991382237818,59.16301005223522,5.555037896078319,0.8943378611459281
2017,NV,32000,1198.624411375972,47674.213458463324,2618397,30.170383301747467,74.42798194774218,6.620549576518092,0.6404694793692869
2018,NV,32000,1295.8211237291584,49969.340005996324,2668300,31.118789007187043,97.19671235318651,8.109021594313155,0.9484057054395763
2019,NV,32000,1421.8647198446158,52978.38228984177,2719332,32.20629981638186,126.04359611545738,9.726928648355786,1.0875108091948142
2020,NV,32000,1480.0718278654635,55700.256683089596,2760774,31.88649925876858,58.20710802084773,4.093716315516199,-0.3198005576132772
2021,NV,32000,1697.1416179398025,60552.90374240065,2811591,33.63290305930789,217.06979007433893,14.666165924352034,1.746403800539312
2015,NY,36000,1936.4076127729127,57965.44408767932,6768848,40.08748957072857,NA,NA,NA
2016,NY,36000,1831.5509920371403,57791.50249305988,7726449,38.03087124631354,-104.85662073577237,-5.41500766905264,-2.056618324415034
2017,NY,36000,2339.229165298413,61515.659288242365,9501577,45.63187700232644,507.67817326127283,27.718484250149565,7.601005756012903
2018,NY,36000,2803.5658678409345,63332.028296779936,9681773,53.121289999489484,464.3367025425214,19.84998774086704,7.489412997163043
2019,NY,36000,2949.5546732116563,66529.57724144417,9687047,53.20138432578375,145.98880537072182,5.207254341527201,0.08009432629426527
2020,NY,36000,3096.301632128347,70449.10271189682,10070479,52.74108278921437,146.7469589166908,4.975224234677559,-0.4603015365693821
2021,NY,36000,3028.480755605793,74879.72927370839,10101590,48.53352091382328,-67.82087652255404,-2.19038338574059,-4.207561875391086
2015,OH,39000,877.5545473321233,47015.16645186343,5619096,22.39842026033729,NA,NA,NA
2016,OH,39000,905.3913283171929,47801.43007244777,5639787,22.728809417081873,27.836780985069595,3.17208554951905,0.3303891567445838
2017,OH,39000,945.3619875550032,49477.54167586883,5895354,22.928269001272753,39.97065923781031,4.414738465863357,0.19945958419087972
2018,OH,39000,1001.3357796587272,51184.6835953876,6077876,23.475830095758425,55.97379210372401,5.92088457549361,0.5475610944856726
2019,OH,39000,1039.0612613887215,53098.8906740674,6095251,23.482100997552813,37.72548172999427,3.7675156022939458,0.006270901794387385
2020,OH,39000,1081.1325410616228,56648.25655674494,6098491,22.90201196173397,42.071279672901255,4.0489700883153255,-0.580089035818844
2021,OH,39000,1236.6504077198508,60659.3983513125,6985678,24.464147841844063,155.51786665822806,14.384717946378398,1.5621358801100946
2015,OK,40000,928.5548634683752,51353.02531519236,2033996,21.698153698306147,NA,NA,NA
2016,OK,40000,924.0082470787904,47750.17060399777,2054395,23.221066699219627,-4.546616389584756,-0.4896443461188769,1.52291300091348
2017,OK,40000,966.8942387276022,50082.44383480446,2064971,23.16726177141537,42.885991648811796,4.641299662031577,-0.05380492780425783
2018,OK,40000,991.565812881955,52476.77579302388,2079351,22.674391813845492,24.67157415435281,2.551631105674981,-0.4928699575698765
2019,OK,40000,1024.2878482889919,55210.88961504097,2099652,22.262735241490063,32.722035407036856,3.3000366674533974,-0.4116565723554295
2020,OK,40000,1099.367014865428,55913.79768705316,2203077,23.59418376877634,75.07916657643614,7.329889415543798,1.3314485272862768
2021,OK,40000,1228.2086323811466,59301.46886904995,2218869,24.853521961014927,128.84161751571855,11.719618268835351,1.2593381922385873
2015,OR,41000,1161.7169825588542,47470.49762678811,2225465,29.36687940435539,NA,NA,NA
2016,OR,41000,1201.9158493438495,49191.56933324664,2768340,29.320044852438286,40.19886678499529,3.4602977651623306,-0.046834551917104505
2017,OR,41000,1231.2154972485605,51491.732441285545,2804633,28.693122694657312,29.299647904711037,2.437745364678094,-0.6269221577809745
2018,OR,41000,1265.8770089828104,54417.43987147161,2826146,27.914808457862367,34.66151173424987,2.815227050967856,-0.7783142367949445
2019,OR,41000,1330.371304297897,56725.23679554952,2846616,28.14347996309693,64.49429531508667,5.094831082121538,0.22867150523456203
2020,OR,41000,1361.2111675956337,60480.007793172415,3085778,27.00815460706936,30.839863297736656,2.31813954481019,-1.1353253560275682
2021,OR,41000,1498.790781489633,65320.85786827233,3081585,27.534067929949085,137.5796138939993,10.107147015037507,0.5259133228797239
2015,PA,42000,1070.3331912860908,52043.85323793483,5278210,24.67918398876562,NA,NA,NA
2016,PA,42000,1089.5133505990061,54978.221856150296,7084825,23.780616698365435,19.180159312915293,1.791980242140188,-0.8985672904001838
2017,PA,42000,1115.116379663707,55614.81306542342,7331121,24.060849652093687,25.603029064700877,2.349950925394767,0.28023295372825174
2018,PA,42000,1145.7177339989664,58109.79713816732,7501347,23.659715719360715,30.60135433525943,2.7442296511228794,-0.4011339327329715
2019,PA,42000,1207.7905173658394,59927.662404935385,7521200,24.18496838814866,62.072783366872955,5.417807678529741,0.525252668787946
2020,PA,42000,1268.3185192517424,64571.27944859058,8335730,23.570575588700244,60.528001885902995,5.011465234709164,-0.6143927994484173
2021,PA,42000,1336.4052273439459,68471.47961451644,9645859,23.42123000468566,68.08670809220348,5.368265704451902,-0.14934558401458276
2015,RI,44000,1205.2934459702237,44706.415707903834,731759,32.35222757767543,NA,NA,NA
2016,RI,44000,1284.5578711964079,44935.44836083734,735711,34.30408511911341,79.26442522618413,6.576359100864332,1.951857541437981
2017,RI,44000,1367.013209755478,46730.86764767722,737199,35.10347516066527,82.45533855907024,6.418966432572884,0.7993900415518596
2018,RI,44000,1286.342707047397,48202.0701818892,742485,32.02375422117974,-80.67050270808113,-5.901223348274075,-3.079720939485526
2019,RI,44000,1345.7257341880652,51149.93565333699,744654,31.57131793811602,59.38302714066822,4.616423509483945,-0.4524362830637223
2020,RI,44000,1418.6577546968194,55344.64275566371,745403,30.759784883821816,72.93202050875425,5.41953078966401,-0.8115330542942054
2021,RI,44000,1471.2842071724174,61148.6609658718,914200,28.872930669606685,52.626452475597944,3.709594671538289,-1.8868542142151306
2015,SC,45000,1037.4463384251212,43713.081138381145,2496106,28.479703871001256,NA,NA,NA
2016,SC,45000,1059.4617856811171,44334.23178182673,2841668,28.67657996362277,22.015447255995923,2.122080578106442,0.1968760926215154
2017,SC,45000,1083.998148402095,45911.75018499334,3148762,28.3325678685996,24.536362720977877,2.315927110594527,-0.34401209502317087
2018,SC,45000,1128.2470590269647,47260.49622518854,3199630,28.6475297335276,44.24891062486972,4.082009797719337,0.31496186492799794
2019,SC,45000,1164.7924585477788,50009.64420006123,3249905,27.94962796907128,36.545399520814044,3.2391309357661373,-0.6979017644563186
2020,SC,45000,1206.4840180283063,52107.63460763756,3438033,27.784427992856198,41.69155948052753,3.5793122778719795,-0.16519997621508153
2021,SC,45000,1338.458795026198,55074.78778806979,3620607,29.16308202969343,131.9747769978917,10.938791979488562,1.3786540368372329
2016,SD,46000,821.3663787384232,53413,187179,18.453179085355774,NA,NA,NA
2017,SD,46000,862.6478963505137,54117.392722519966,296861,19.128369338270915,41.28151761209051,5.025956586571855,0.6751902529151401
2018,SD,46000,881.0460589226161,56177.564448720645,299331,18.819884433975613,18.398162572102365,2.1327545861917647,-0.30848490429530173
2019,SD,46000,893.85496079978,60184.541495613244,303755,17.822283368860056,12.808901877163862,1.4538288603012628,-0.9976010651155569
2020,SD,46000,923.1879354148799,64356.51034249119,306986,17.213884292393296,29.332974615099943,3.2816257560235673,-0.6083990764667604
2021,SD,46000,1006.5155927098194,67662.12800690871,311491,17.85073492114315,83.32765729493951,9.026077367171412,0.6368506287498548
2015,TN,47000,1116.594126067243,49426.360638629936,3229288,27.10927800404268,NA,NA,NA
2016,TN,47000,1188.8289475257316,50235.63388652922,3581010,28.3980638176723,72.23482145848857,6.46921023245097,1.2887858136296195
2017,TN,47000,1225.1164428877223,51155.03969926777,3887578,28.738903148311117,36.28749536199075,3.0523731305092,0.34083933063881844
2018,TN,47000,1264.699510283449,53612.3950736699,3936886,28.30762196418793,39.58306739572663,3.2309636872088148,-0.4312811841231863
2019,TN,47000,1312.1785033470758,56359.471309947585,3978121,27.938768186041653,47.47899306362683,3.7541718548610548,-0.36885377814627773
2020,TN,47000,1360.0414568757249,59060.13326579307,4129882,27.633695659067094,47.862953528649086,3.6475946989347356,-0.3050725269745591
2021,TN,47000,1510.2773553023014,63503.828515814675,4240461,28.538953772077335,150.23589842657657,11.046420509246618,0.9052581130102411
2015,TX,48000,1231.8744617437974,50856.39065955865,19289217,29.06713069726497,NA,NA,NA
2016,TX,48000,1230.808056838258,48997.03170891227,21693144,30.144064174754032,-1.066404905539457,-0.08656766080123883,1.0769334774890602
2017,TX,48000,1243.6820360331951,51103.49363095986,22982584,29.203843753173214,12.873979194937192,1.045977812983148,-0.9402204215808183
2018,TX,48000,1279.8824803669004,54054.30752641301,23271484,28.413257827598677,36.20044433370526,2.9107475451819615,-0.7905859255745362
2019,TX,48000,1317.2575564668853,56015.45034573871,23771998,28.21916199912356,37.37507609998488,2.920195929963091,-0.19409582847511686
2020,TX,48000,1351.1885168107467,57384.37819065657,24100643,28.255533497039785,33.93096034386144,2.575878967426097,0.03637149791622463
2021,TX,48000,1491.5492688060435,61807.35161917177,24504318,28.958676851186464,140.36075199529682,10.387947369963948,0.703143354146679
2015,UT,49000,873.3077130059868,41407.341159267926,1934721,25.308779222899325,NA,NA,NA
2016,UT,49000,936.8315039048889,42194.33939965041,2136222,26.643332273503518,63.52379089890212,7.273929904987184,1.3345530506041925
2017,UT,49000,997.7711083222279,43638.22361269119,2183436,27.437535968775283,60.939604417338955,6.504862844954647,0.794203695271765
2018,UT,49000,1052.9705819217459,45890.07616829767,2222657,27.534595795223492,55.199473599518,5.5322782088105376,0.09705982644820921
2019,UT,49000,1166.0699488555977,48749.41106730214,2259304,28.703607038347663,113.0993669338518,10.74098069553258,1.1690112431241708
2020,UT,49000,1210.9093586942038,52536.65710284199,2294131,27.65861610853118,44.839409838606116,3.8453447739230677,-1.044990929816482
2021,UT,49000,1429.0436810095362,56128.41007102749,2696984,30.55230702315262,218.13432231533238,18.014091702995813,2.8936909146214376
2015,VA,51000,1496.3190445321081,63519.75986397313,1407369,28.268098892120356,NA,NA,NA
2016,VA,51000,1523.8563563155572,65230.177974620194,1430586,28.033460652064335,27.537311783449013,1.8403369177233053,-0.23463824005602163
2017,VA,51000,1566.1774061812969,67275.37371368372,1456096,27.936119618095656,42.321049865739724,2.777233542409818,-0.09734103396867866
2018,VA,51000,1613.9876693040628,69616.3920339318,1477316,27.82082131203905,47.810263122765946,3.0526722537351905,-0.11529830605660507
2019,VA,51000,1661.9305286353995,72549.93657758011,1499927,27.488881843885405,47.94285933133665,2.970460074952691,-0.33193946815364583
2020,VA,51000,1693.2585183764559,75044.65701055614,1518831,27.076014509146585,31.3279897410564,1.885036059045116,-0.4128673347388201
2021,VA,51000,1792.1263767506973,78829.95190373785,1637279,27.280895144106577,98.86785837424145,5.8389110287210455,0.20488063495999143
2017,VT,50000,1709.2892298627482,57205,166138,35.85608033974824,NA,NA,NA
2018,VT,50000,1753.7406013623843,58861,167055,35.753533267101496,44.451371499636025,2.600576352031737,-0.10254707264674323
2019,VT,50000,1801.1036093509883,61686,167633,35.037517933099664,47.36300798860407,2.7006849218071567,-0.7160153340018311
2020,VT,50000,1848.6556471168965,65123,168289,34.06456668980661,47.55203776590815,2.6401611500319575,-0.9729512432930534
2021,VT,50000,1993.924041234346,67921,168865,35.22782128474574,145.2683941174496,7.858055898295903,1.1632545949391258
2015,WA,53000,1230.157240860211,56934.02929879486,5522036,25.9280558079788,NA,NA,NA
2016,WA,53000,1356.2669104031875,58720.59088221466,5729966,27.716347332887104,126.10966954297646,10.251508128732539,1.7882915249083027
2017,WA,53000,1422.418458128749,60846.29490906609,6036142,28.052688373309167,66.15154772556161,4.877472658084407,0.33634104042206303
2018,WA,53000,1503.9835345227593,64133.306493747965,6120487,28.14107583246546,81.56507639401025,5.7342532310296725,0.08838745915629431
2019,WA,53000,1600.4779866490926,67975.47834628145,6290744,28.253917893671943,96.49445212633327,6.41592476987806,0.11284206120648221
2020,WA,53000,1663.6602615011393,72171.06260508463,6359755,27.661949841662942,63.1822748520467,3.947712831985331,-0.5919680520090012
2021,WA,53000,1817.5881570776573,77832.32932735754,6445787,28.023133925744464,153.92789557651804,9.252363546727214,0.3611840840815219
2015,WI,55000,1015.1839587832981,47137.448144278475,1483520,25.8440114706936,NA,NA,NA
2016,WI,55000,1020.7340498453557,47333.969680487244,1656491,25.87741674916749,5.550091062057618,0.5467079157465632,0.03340527847388941
2017,WI,55000,1041.3417310874959,48887.90581057966,1659146,25.56072011238762,20.60768124214019,2.018907985411314,-0.31669663677987003
2018,WI,55000,1072.1720477565837,51457.8442489071,1661632,25.00311616406718,30.83031666908778,2.960633934922689,-0.5576039483204411
2019,WI,55000,1118.2796853253508,53483.183181410524,1666965,25.09079569626001,46.10763756876713,4.300395413706495,0.08767953219282987
2020,WI,55000,1156.706154802467,56745.75307571961,1669528,24.46081531265956,38.42646947711614,3.4362127812360646,-0.6299803836004507
2021,WI,55000,1161.8515304619225,64607.744705738005,2339089,21.579794232168613,5.145375659455567,0.44482997156129533,-2.881021080490946
2016,WV,54000,1081.18875251432,40565.82345644669,219283,31.983240877882334,NA,NA,NA
2017,WV,54000,1119.2775598307378,42086.938297737615,221094,31.91329961555045,38.08880731641784,3.5228638133574526,-0.06994126233188425
2018,WV,54000,995.7710480238295,45525.27460720887,406832,26.247513451338534,-123.50651180690829,-11.03448476404597,-5.665786164211916
2019,WV,54000,1023.2807326151225,47370.68939804739,407557,25.92187056472863,27.509684591292967,2.762651579987957,-0.3256428866099057
2020,WV,54000,1062.924863602683,49970.784869976356,408618,25.525111115266398,39.644130987560516,3.8742184548168863,-0.3967594494622304
2021,WV,54000,1072.2621034706015,52541.62193892336,503826,24.489432885426606,9.33723986791847,0.8784477800501138,-1.0356782298397924
2015,WY,56000,974.8145470092354,61056.344528238646,179010,19.158982828886174,NA,NA,NA
2016,WY,56000,972.4598430022517,55514.4613228135,178710,21.02068152687175,-2.354704006983752,-0.24155404884016815,1.8616986979855774
2017,WY,56000,959.4009617636113,55788.613588564105,177826,20.636489779203448,-13.05888123864031,-1.3428710020892938,-0.38419174766830366
2018,WY,56000,977.4510446088791,60741.97585426021,177961,19.310225540652866,18.050082845267752,1.8813909475436972,-1.326264238550582
2019,WY,56000,1024.483902262049,60524.67203247402,179097,20.312058561091327,47.03285765316991,4.811786525021293,1.0018330204384611
2020,WY,56000,1033.8481084881062,59415.14748270776,223077,20.880495677416235,9.36420622605715,0.9140413241614717,0.5684371163249082
2021,WY,56000,1113.1063295566214,60438.5923702049,259640,22.100574204081475,79.25822106851524,7.666331293522608,1.2200785266652403
